perturbation_type,code_generation,factual_qa,math_reasoning,open_ended_writing
paraphrasing,0.154673,0.493458,0.176165,0.373536
reordering,0.129034,0.194802,0.090455,0.198761
formatting_changes,0.081632,0.075759,0.090398,0.169881
context_injection,0.114379,0.101467,0.102815,0.180964
surface_noise,0.091681,0.058836,0.093298,0.168745
