raw_spearman_rho,raw_spearman_p,ols_beta,ols_p,cluster_beta,cluster_se,cluster_t,cluster_t_p,cluster_normal_p,clusters,centered_spearman_rho,centered_spearman_p
0.23404119515129773,8.633616685294744e-11,0.6740207393537637,1.2456105398821266e-08,0.6740207393537637,0.2912667829292694,2.31410095093968,0.022028849182717004,0.020662185274736056,150,0.2127027774690329,4.032968007292303e-09
