perturbation_type,n,spearman_rho,spearman_p
context_injection,150,0.2684663550904951,0.0008946503246342248
formatting_changes,150,0.13815391234965993,0.09180101866306109
paraphrasing,150,0.14537461541047839,0.0758953054642454
reordering,150,0.25887481034895093,0.001380285305265781
surface_noise,150,0.21865859094386542,0.007183463856554349
