task_type,n,mean_noise_corrected_drift,mean_absolute_performance_change,mean_original_performance,mean_perturbed_performance,drop_share
code_generation,750,0.005653013333333334,0.014133333333333333,0.8586666666666667,0.8445333333333334,0.08533333333333333
factual_qa,750,0.028101284,0.019331017333333332,0.8395586533333333,0.8202276333333333,0.13866666666666666
math_reasoning,750,0.002892441333333333,0.02026666666666667,0.6813333333333333,0.6610666666666666,0.13866666666666666
