perturbation_type,n,mean_noise_corrected_drift,mean_absolute_performance_change,mean_original_performance,mean_perturbed_performance,drop_share
context_injection,450,0.0024072733333333337,0.009758771111111111,0.7931862177777779,0.7834274488888888,0.10222222222222223
formatting_changes,450,0.0025427644444444447,0.006410406666666665,0.7931862177777779,0.7867758111111112,0.1
paraphrasing,450,0.04123972666666668,0.04889660222222222,0.7931862177777779,0.7442896177777777,0.17777777777777778
reordering,450,0.01431634888888889,0.01616839555555556,0.7931862177777779,0.7770178177777778,0.11777777777777777
surface_noise,450,0.0005717844444444443,0.00831752,0.7931862177777779,0.7848686933333334,0.10666666666666667
