task,paraphrase,formatting,reordering,context_injection,surface_noise
factual_qa,0.0416488186182957,0.0001568047869809,0.0001567546491165,0.0034375604920426,0.0011188892624552
math_reasoning,0.0027612327090014,0.0114700842405934,0.0020430929919564,0.0016573705392019,0.0026472405956301
code_generation,0.0203147270583166,0.0557162000577039,0.0001552536906035,0.0120514894391097,0.018261157426513
