task,paraphrase,formatting,reordering,context_injection,surface_noise
factual_qa,0.1997743266199344,-0.3922322702763681,,0.7453559924999299,0.7453559924999299
math_reasoning,-0.4035575943088674,-0.2355229910397042,0.5865464152543313,0.3876085455912764,0.6389042947530328
code_generation,0.4819315973414993,0.7991055024756403,-0.1656346649999844,0.4231395223112786,0.5883484054145521
