task,paraphrase,formatting,reordering,context_injection,surface_noise
factual_qa,0.147087101353638,-0.3922322702763681,,,0.7453559924999299
math_reasoning,-0.078386180166962,,0.642529405317179,0.49029033784546,0.433289122413121
code_generation,0.5388159060803247,0.7699188535494523,,-0.3592106040535498,0.5883484054145521
