task,paraphrase,formatting,reordering,context_injection,surface_noise
factual_qa,0.1,0.0,0.0,0.0,0.0333333333333333
math_reasoning,0.2333333333333333,0.2333333333333333,0.2333333333333333,0.1333333333333333,0.3
code_generation,0.1666666666666666,0.2666666666666666,0.0333333333333333,0.1333333333333333,0.1
