task,paraphrase,formatting,reordering,context_injection,surface_noise
factual_qa,0.5883484054145521,,,,-0.1656346649999844
math_reasoning,-0.078386180166962,,0.642529405317179,0.49029033784546,0.433289122413121
code_generation,0.5388159060803247,0.7699188535494523,,-0.3592106040535498,0.5883484054145521
