similarity_bin,mean_similarity,n,mean_correctness_change,harmful_drop_share
"(0.583, 0.994]",0.9433330048503891,30,0.34444444444444444,0.3
"(0.994, 1.0]",0.999700359074276,120,0.07777777777777778,0.058333333333333334
