similarity_bin,mean_similarity,n,mean_correctness_change,harmful_drop_share
"(0.583, 0.994]",0.9433330048503891,30,0.3555555555555555,0.3
"(0.994, 1.0]",0.999700359074276,120,0.08888888888888888,0.08333333333333333
