strength_level,strength_edits,n,mean_cross_similarity,mean_paired_similarity,mean_raw_perturbation_drift,mean_noise_corrected_drift,mean_clean_correctness,mean_perturbed_correctness,mean_abs_repeated_pass_rate_change,mean_repeated_pass_rate_drop,share_harmful_correctness_drop,share_correctness_changed
0,0,200,1.0,1.0,0.0,0.0,0.6806646825396825,0.6806646825396825,0.0,0.0,0.0,0.0
1,2,200,0.9611459696595156,0.9620515892761253,0.0388540303404844,0.006987546931897768,0.6806646825396825,0.7066392857142857,0.07811190476190474,-0.02597460317460317,0.15,0.39
2,4,200,0.9580735325239967,0.9579115310980764,0.041926467476003204,0.010938438970609747,0.6806646825396825,0.6971599206349207,0.0889126984126984,-0.01649523809523809,0.17,0.375
3,8,200,0.9565295364781541,0.956977553820369,0.043470463521845915,0.012479825054989657,0.6806646825396825,0.7116940476190475,0.09842063492063492,-0.03102936507936508,0.19,0.415
4,16,200,0.9533962183734508,0.9530022746742781,0.04660378162654917,0.013052509455858358,0.6806646825396825,0.6980773809523809,0.09643412698412698,-0.017412698412698414,0.225,0.43
