mean_similarity,mean_abs_change,std_abs_change,n,se
0.7957018094986514,0.5823529411764706,0.331635605277927,34,0.05687503708804402
0.8910955790834678,0.2764705882352941,0.2362058982783065,34,0.04050897735704492
0.9399646558893663,0.125,0.1586231077825064,32,0.028040868791473723
0.9783931766912534,0.030303030303030304,0.10150384378451047,33,0.01766955119650091
0.9971891809281291,0.0,0.0,33,0.0
0.9999910762785729,0.0,0.0,34,0.0
