strength_level,strength_edits,n,mean_cross_similarity,mean_paired_similarity,mean_raw_perturbation_drift,mean_noise_corrected_drift,mean_clean_correctness,mean_perturbed_correctness,mean_abs_repeated_pass_rate_change,mean_repeated_pass_rate_drop,share_harmful_correctness_drop,share_correctness_changed
0,0,20,1.0,1.0,0.0,0.0,0.7117857142857142,0.7117857142857142,0.0,0.0,0.0,0.0
1,1,20,0.9756233839647939,0.975343205611313,0.02437661603520619,0.0011148577752748776,0.7117857142857142,0.7492857142857143,0.10416666666666667,-0.03749999999999999,0.05,0.25
2,2,20,0.9770812360697102,0.9755482648689309,0.022918763930289722,0.0006085730729972984,0.7117857142857142,0.7516666666666667,0.0732142857142857,-0.03988095238095238,0.05,0.3
3,4,20,0.9714030561946702,0.9707060550856428,0.028596943805329716,0.0013913567278632899,0.7117857142857142,0.7308333333333333,0.052380952380952375,-0.019047619047619046,0.05,0.2
4,8,20,0.9702439641577,0.9700351076802043,0.029756035842300098,0.0044764723937302355,0.7117857142857142,0.72875,0.12113095238095237,-0.016964285714285713,0.1,0.35
