strength_level,strength_edits,n,mean_cross_similarity,mean_paired_similarity,mean_raw_perturbation_drift,mean_noise_corrected_drift,mean_clean_correctness,mean_perturbed_correctness,mean_abs_repeated_pass_rate_change,mean_repeated_pass_rate_drop,share_harmful_correctness_drop,share_correctness_changed
0,0,48,1.0,1.0,0.0,0.0,0.6613194444444445,0.6613194444444445,0.0,0.0,0.0,0.0
1,2,48,0.9676841156912399,0.9703247063823653,0.03231588430876003,0.0028721754881972372,0.6613194444444445,0.6471064814814814,0.06629629629629628,0.014212962962962962,0.14583333333333334,0.2708333333333333
2,4,48,0.9633730161499994,0.9620835638179863,0.03662698385000056,0.006769315968336943,0.6613194444444445,0.6129976851851852,0.0760300925925926,0.04832175925925925,0.20833333333333334,0.2916666666666667
3,8,48,0.9676214777491127,0.9675609852446048,0.03237852225088728,0.004300417863777467,0.6613194444444445,0.6112847222222222,0.07607638888888889,0.05003472222222222,0.2708333333333333,0.3541666666666667
4,16,48,0.9647302670611119,0.963806997362767,0.035269732938888056,0.005719046651177874,0.6613194444444445,0.6239930555555556,0.07336805555555555,0.03732638888888888,0.20833333333333334,0.3125
