branch,mean_ncp,median_ncp,mean_problem_content_recall,mean_math_token_recall,mean_number_recall,mean_output_length_delta_tokens,mean_answer_token_f1_delta,mean_answer_containment_delta
GPT/main,0.01539158,0.0039135,0.7533088803009855,0.9256309450187002,0.9487847222222222,5.4360000000000035,0.002082707232594691,0.02
Qwen,0.04087152000000001,0.023608999999999998,0.7533088803009855,0.9256309450187002,0.9487847222222222,-35.096,-0.004632009372770111,-0.032
Llama,0.04136138000000001,0.030805,0.7533088803009855,0.9256309450187002,0.9487847222222222,21.775999999999996,-0.006739417576377173,-0.016
