index,task,mean,std,count
3,open_ended_writing,0.037040837595432904,0.10350440493103598,25
0,code_generation,0.032018933189668725,0.06156276469713229,25
1,factual_qa,0.00676055303777392,0.02339225090957746,25
2,math_reasoning,0.0037715003757559525,0.007456095227309311,25
