effect,sum_sq,df,F,PR(>F)
C(task),0.021836260125503,3.0,1.8269778667415528,0.14890389023710354
C(perturbation),0.008968267814948461,4.0,0.5627621227290188,0.6903477725350727
C(task):C(perturbation),0.03485074969016528,12.0,0.7289658114225194,0.7191685471154761
Residual,0.31872322079739046,80.0,,
