index,perturbation,mean,std,count
4,surface_noise,0.03390115821961413,0.11153696731578519,20
1,formatting,0.023400646207416158,0.06117711749644356,20
2,paraphrase,0.022366498972232522,0.04158902690160804,20
3,reordering,0.014062373370465522,0.04044089954459087,20
0,context_injection,0.005759103478561044,0.014497754736041911,20
