effect,sum_sq,df,F,PR(>F)
C(task),0.6948148148148158,2.0,5.147560975609763,0.007007846676159673
C(perturbation),0.17333333333333303,4.0,0.6420731707317062,0.633406442912076
C(task):C(perturbation),0.3199999999999998,8.0,0.5926829268292679,0.7826084265630314
Residual,9.11111111111111,135.0,,
