index,perturbation,mean,std,count
1,formatting,0.1888888888888889,0.32381032872819243,30
4,surface_noise,0.15555555555555556,0.32440140374775217,30
2,paraphrase,0.15555555555555556,0.25869305075378696,30
0,context_injection,0.12222222222222222,0.20498263328612604,30
3,reordering,0.08888888888888888,0.1736101532540626,30
