effect,sum_sq,df,F,PR(>F)
C(task),1.0059259259259257,2.0,7.629213483146065,0.0007259518411089843
C(perturbation),0.18814814814814798,4.0,0.7134831460674153,0.5840916630328739
C(task):C(perturbation),0.32740740740740715,8.0,0.6207865168539323,0.7592289739009823
Residual,8.899999999999999,135.0,,
