index,task,mean,std,count
2,math_reasoning,0.22666666666666666,0.2730527845110753,50
0,code_generation,0.14,0.30926729297389555,50
1,factual_qa,0.026666666666666665,0.14815570653432422,50
