index,perturbation,mean,std,count
2,paraphrase,0.2,0.40683810217248617,30
1,formatting,0.16666666666666666,0.3790490217894517,30
4,surface_noise,0.1,0.30512857662936466,30
0,context_injection,0.1,0.30512857662936466,30
3,reordering,0.06666666666666667,0.2537081317024625,30
