effect,sum_sq,df,F,PR(>F)
C(task),0.09333333333333463,2.0,0.4172185430463634,0.659723537246742
C(perturbation),0.3600000000000001,4.0,0.8046357615894043,0.5242522241287316
C(task):C(perturbation),1.0400000000000014,8.0,1.1622516556291405,0.32657942360769077
Residual,15.1,135.0,,
