index,perturbation,mean,std,count
2,paraphrase,0.16666666666666666,0.3000638501656693,30
1,formatting,0.16666666666666666,0.3245981895734009,30
4,surface_noise,0.14444444444444443,0.3117535785552716,30
0,context_injection,0.08888888888888888,0.1736101532540626,30
3,reordering,0.08888888888888888,0.1736101532540626,30
