case_id,task,original_noise,perturbed_noise,noise_baseline,raw_perturbation_drift,noise_corrected_drift,noise_corrected_drift_clipped,signal_to_noise_ratio,bootstrap_p_between_gt_noise
fact_01,factual_qa,0.0,0.0,0.0,0.058480934888417324,0.058480934888417324,0.058480934888417324,inf,1.0
fact_02,factual_qa,0.0,0.0,0.0,0.14745515752240945,0.14745515752240945,0.14745515752240945,inf,1.0
math_01,math_reasoning,0.01561663518792474,0.0478026427327032,0.03170963896031397,0.03509192786781783,0.003382288907503861,0.003382288907503861,1.1066643777224,1.0
math_02,math_reasoning,0.0,2.220446049250313e-16,1.1102230246251565e-16,0.33749017862277153,0.3374901786227714,0.3374901786227714,3039841285373432.0,1.0
code_01,code_generation,0.027646365551094287,0.04056464690423128,0.034105506227662785,0.12492552022299461,0.09082001399533182,0.09082001399533182,3.6629135304160423,1.0
writing_01,open_ended_writing,0.05671219489426784,0.06238464930077359,0.05954842209752072,0.10814911846217001,0.048600696364649296,0.048600696364649296,1.8161542263043906,1.0
