case_id,task,original_noise,perturbed_noise,noise_baseline,raw_perturbation_drift,noise_corrected_drift,noise_corrected_drift_clipped,signal_to_noise_ratio,bootstrap_p_between_gt_noise
promptrobust_hard_sst2_01,sst2_sentiment_hard,0.06749406483471554,0.11570714728555953,0.09160060606013753,0.08436827482825698,-0.007232331231880551,0.0,0.9210449412623712,0.426
promptrobust_hard_sst2_02,sst2_sentiment_hard,0.0,2.257460170581752e-07,1.128730085290876e-07,1.5802221194072263e-07,4.5149203411635035e-08,4.5149203411635035e-08,1.4,0.867
promptrobust_hard_sst2_03,sst2_sentiment_hard,1.1102230246251565e-16,2.339420254341259e-07,1.169710127725741e-07,1.637594178455215e-07,4.67884050729474e-08,4.67884050729474e-08,1.3999999996915284,0.859
promptrobust_hard_sst2_04,sst2_sentiment_hard,0.0,2.257460170581752e-07,1.128730085290876e-07,1.5802221194072263e-07,4.5149203411635035e-08,4.5149203411635035e-08,1.4,0.865
