case_id,task,original_noise,perturbed_noise,noise_baseline,uncorrected_single_drift,raw_perturbation_drift,noise_corrected_drift,noise_corrected_drift_clipped,signal_to_noise_ratio,bootstrap_p_between_gt_noise
ref_squad_v2_01,factual_qa,1.1102230246251565e-16,0.16808026620259167,0.08404013310129589,0.5555972633920456,0.5285953228647977,0.44455518976350183,0.44455518976350183,6.289796355125559,1.0
ref_math_01,math_reasoning,0.0323689487708703,0.056229698125763616,0.044299323448316955,0.04829920510781749,0.045004988986178183,0.0007056655378612289,0.0007056655378612289,1.0159294879228689,1.0
ref_humaneval_01,code_generation,0.06434779474066588,0.0,0.03217389737033294,0.2516426807572293,0.22457485605291663,0.1924009586825837,0.1924009586825837,6.980032709994086,1.0
ref_alpaca_01,open_ended_writing,0.08177859415876831,0.09026405292745161,0.08602132354310996,0.10139889541267821,0.10297961466594321,0.016958291122833258,0.016958291122833258,1.1971405510208704,1.0
