{
  "model": "gpt-4o-mini",
  "suite": "proposal",
  "embedding_model": "text-embedding-3-small",
  "samples_per_prompt_version": 3,
  "temperature": 0.7,
  "top_p": 0.9,
  "metrics": [
    {
      "case_id": "code_01",
      "task": "code_generation",
      "original_noise": 0.05909788845832612,
      "perturbed_noise": 0.013240524216149074,
      "noise_baseline": 0.036169206337237594,
      "raw_perturbation_drift": 0.11203612369326718,
      "noise_corrected_drift": 0.07586691735602959,
      "noise_corrected_drift_clipped": 0.07586691735602959,
      "signal_to_noise_ratio": 3.0975554909514744,
      "bootstrap_p_between_gt_noise": 1.0
    },
    {
      "case_id": "writing_01",
      "task": "open_ended_writing",
      "original_noise": 0.07071588549516077,
      "perturbed_noise": 0.0666721197697527,
      "noise_baseline": 0.06869400263245673,
      "raw_perturbation_drift": 0.10124817852306914,
      "noise_corrected_drift": 0.03255417589061241,
      "noise_corrected_drift_clipped": 0.03255417589061241,
      "signal_to_noise_ratio": 1.4739012816707104,
      "bootstrap_p_between_gt_noise": 1.0
    }
  ]
}