case_id,task,original_noise,perturbed_noise,noise_baseline,raw_perturbation_drift,noise_corrected_drift,noise_corrected_drift_clipped,signal_to_noise_ratio,bootstrap_p_between_gt_noise
promptrobust_squad_v2_01,squad_v2_factual_qa,0.0,1.1102230246251565e-16,5.551115123125783e-17,4.3257836968013663e-07,4.325783696246255e-07,4.325783696246255e-07,7792639138.0,1.0
promptrobust_squad_v2_02,squad_v2_factual_qa,0.0,0.0,0.0,0.0,0.0,0.0,inf,0.0
promptrobust_math_01,math_reasoning,0.028741977524384416,0.024601274232577814,0.026671625878481115,0.02824697179049889,0.001575345912017776,0.001575345912017776,1.0590644874517672,1.0
promptrobust_math_02,math_reasoning,0.027817395988647114,0.00787085519717782,0.017844125592912468,0.019167275496750052,0.0013231499038375838,0.0013231499038375838,1.0741504478293478,1.0
