case_id,task,original_noise,perturbed_noise,noise_baseline,raw_perturbation_drift,noise_corrected_drift,noise_corrected_drift_clipped,signal_to_noise_ratio,bootstrap_p_between_gt_noise
promptrobust_sst2_01,sst2_sentiment,0.0,1.6855702607010413e-07,8.427851303505207e-08,8.427851303505207e-08,0.0,0.0,1.0,0.264
promptrobust_sst2_02,sst2_sentiment,1.1102230246251565e-16,2.6201506845291436e-07,1.3100753428196833e-07,2.62015068486221e-07,1.3100753420425269e-07,1.3100753420425269e-07,1.999999999406785,0.911
