case_id,task,original_noise,perturbed_noise,noise_baseline,uncorrected_single_drift,raw_perturbation_drift,noise_corrected_drift,noise_corrected_drift_clipped,signal_to_noise_ratio,bootstrap_p_between_gt_noise
ref_squad_v2_01,factual_qa,1.1102230246251565e-16,0.16808130135017885,0.08404065067508948,0.5556517345838946,0.5016222191748738,0.41758156849978434,0.41758156849978434,5.968804562380189,1.0
ref_squad_v2_02,factual_qa,0.0,0.22654324637701176,0.11327162318850588,0.3273299673861936,0.11409969430678439,0.0008280711182785117,0.0008280711182785117,1.007310490438549,0.761
ref_math_01,math_reasoning,0.05140833284087413,0.05512612097180273,0.05326722690633843,0.033121120372795465,0.05602338454843825,0.00275615764209982,0.00275615764209982,1.0517420898772536,1.0
ref_math_02,math_reasoning,0.02331409837277561,0.05984810505325733,0.04158110171301647,0.05330752574922637,0.03999234736360419,-0.0015887543494122747,0.0,0.9617914320698498,0.89
ref_humaneval_01,code_generation,0.042840432270755034,0.0,0.021420216135377517,0.2434121240862308,0.2218315454864377,0.20041132935106018,0.20041132935106018,10.3561768044003,1.0
ref_humaneval_02,code_generation,0.00657819007396702,0.008063314048199302,0.007320752061083161,0.026206789545437648,0.029031433866497498,0.021710681805414335,0.021710681805414335,3.9656354462306536,1.0
ref_alpaca_01,open_ended_writing,0.04024294675842729,0.055255966067622876,0.04774945641302508,0.05118087716696951,0.06427123307098509,0.016521776657960008,0.016521776657960008,1.3460097328658427,1.0
ref_alpaca_02,open_ended_writing,0.0,0.0,0.0,0.0,0.0,0.0,0.0,inf,0.0
