case_id,task,original_noise,perturbed_noise,noise_baseline,raw_perturbation_drift,noise_corrected_drift,noise_corrected_drift_clipped,signal_to_noise_ratio,bootstrap_p_between_gt_noise
code_01,code_generation,0.05909788845832612,0.013240524216149074,0.036169206337237594,0.11203612369326718,0.07586691735602959,0.07586691735602959,3.0975554909514744,1.0
writing_01,open_ended_writing,0.07071588549516077,0.0666721197697527,0.06869400263245673,0.10124817852306914,0.03255417589061241,0.03255417589061241,1.4739012816707104,1.0
