task,strength_level,strength_edits,n,mean_cross_similarity,mean_noise_corrected_drift,mean_abs_repeated_pass_rate_change,mean_repeated_pass_rate_drop,share_harmful_correctness_drop,share_correctness_changed
long_factual_qa,0,0,5,1.0,0.0,0.0,0.0,0.0,0.0
long_factual_qa,1,1,5,0.987289015650817,0.0030705877921435934,0.05523809523809527,0.001904761904761898,0.4,0.6
long_factual_qa,2,2,5,0.9872075159950044,0.004181087518266343,0.03904761904761904,-0.000952380952380949,0.2,0.4
long_factual_qa,3,3,5,0.9901189804560717,0.002926624794945911,0.03238095238095238,0.005714285714285716,0.2,0.4
long_factual_qa,4,4,5,0.991411229401971,0.0017279264585696413,0.049523809523809546,-0.03047619047619048,0.2,0.4
long_factual_qa,5,5,5,0.9892963943430237,0.0019243359322491265,0.049523809523809546,-0.03047619047619048,0.2,0.4
