strength_level,strength_edits,n,mean_cross_similarity,mean_paired_similarity,mean_raw_perturbation_drift,mean_noise_corrected_drift,mean_clean_correctness,mean_perturbed_correctness,mean_abs_repeated_pass_rate_change,mean_repeated_pass_rate_drop,share_harmful_correctness_drop,share_correctness_changed
0,0,40,1.0,1.0,0.0,0.0,0.716202380952381,0.716202380952381,0.0,0.0,0.0,0.0
1,2,40,0.9736052182845876,0.974101864044007,0.026394781715412447,0.0034182891832210223,0.716202380952381,0.7104761904761905,0.05155952380952381,0.005726190476190478,0.15,0.325
2,4,40,0.9758501381949969,0.9762882123520954,0.024149861805003118,0.0014971243384601872,0.716202380952381,0.7215654761904762,0.040648809523809525,-0.005363095238095236,0.15,0.3
3,8,40,0.971981521607313,0.971025999261521,0.028018478392686976,0.007419317270486463,0.716202380952381,0.7121071428571428,0.04933333333333333,0.004095238095238099,0.15,0.35
4,16,40,0.9667455152138912,0.967684366684236,0.033254484786108846,0.009118597528042489,0.716202380952381,0.7208134920634921,0.04375396825396825,-0.004611111111111113,0.1,0.3
