strength_level,strength_edits,n,mean_cross_similarity,mean_paired_similarity,mean_raw_perturbation_drift,mean_noise_corrected_drift,mean_clean_correctness,mean_perturbed_correctness,mean_abs_repeated_pass_rate_change,mean_repeated_pass_rate_drop,share_harmful_correctness_drop,share_correctness_changed
0,0,40,1.0,1.0,0.0,0.0,0.692936507936508,0.692936507936508,0.0,0.0,0.0,0.0
1,2,40,0.9608135087375322,0.9670923828423131,0.03918649126246776,0.004095861559653217,0.692936507936508,0.7238174603174603,0.06673809523809524,-0.030880952380952384,0.175,0.375
2,4,40,0.9460846361759954,0.944748236382821,0.05391536382400465,0.017563557151400767,0.692936507936508,0.6752460317460317,0.14197619047619048,0.01769047619047619,0.275,0.45
3,8,40,0.9533074095947557,0.9532465427252865,0.04669259040524435,0.014391857011398017,0.692936507936508,0.7045238095238096,0.11507936507936509,-0.011587301587301592,0.275,0.4
4,16,40,0.9496991703864972,0.9464343482947797,0.05030082961350283,0.01299710080826066,0.692936507936508,0.6851349206349207,0.1258968253968254,0.0078015873015873025,0.35,0.5
