strength_level,strength_edits,n,mean_cross_similarity,mean_paired_similarity,mean_raw_perturbation_drift,mean_noise_corrected_drift,mean_clean_correctness,mean_perturbed_correctness,mean_abs_repeated_pass_rate_change,mean_repeated_pass_rate_drop,share_harmful_correctness_drop,share_correctness_changed
0,0,5,1.0,1.0,0.0,0.0,0.4666666666666667,0.4666666666666667,0.0,0.0,0.0,0.0
1,1,5,0.9738766584133833,0.968596820976524,0.02612334158661672,0.0,0.4666666666666667,0.4666666666666667,0.13333333333333333,-1.1102230246251566e-17,0.2,0.4
2,2,5,0.9628765863144222,0.9652192624150132,0.03712341368557779,0.00015288634517518772,0.4666666666666667,0.5333333333333333,0.06666666666666668,-0.06666666666666668,0.0,0.2
3,4,5,0.9762569340013296,0.9747902360959801,0.02374306599867034,1.8040810952298785e-06,0.4666666666666667,0.3333333333333333,0.13333333333333333,0.13333333333333333,0.4,0.4
4,8,5,0.9562660921233976,0.9530137807048626,0.04373390787660236,0.003087194703091918,0.4666666666666667,0.6666666666666666,0.33333333333333337,-0.2,0.2,0.8
