strength_level,strength_edits,n,mean_cross_similarity,mean_paired_similarity,mean_raw_perturbation_drift,mean_noise_corrected_drift,mean_clean_correctness,mean_perturbed_correctness,mean_abs_repeated_pass_rate_change,mean_repeated_pass_rate_drop,share_harmful_correctness_drop,share_correctness_changed
0,0,15,1.0,1.0,0.0,0.0,0.6444444444444445,0.6444444444444445,0.0,0.0,0.0,0.0
1,1,15,0.9707386081565517,0.9704701294868187,0.029261391843448344,0.001296389481161197,0.6444444444444445,0.6888888888888889,0.13333333333333336,-0.044444444444444446,0.06666666666666667,0.26666666666666666
2,2,15,0.9721288057734363,0.9702087719207997,0.027871194226563697,0.000768320722649077,0.6444444444444445,0.6888888888888889,0.08888888888888889,-0.044444444444444446,0.06666666666666667,0.26666666666666666
3,4,15,0.9655696961009369,0.9635369404093481,0.03443030389906304,0.0014542585005957699,0.6444444444444445,0.6666666666666666,0.06666666666666667,-0.02222222222222222,0.06666666666666667,0.2
4,8,15,0.9639755775412704,0.9642650533023832,0.036024422458729576,0.005747529293186562,0.6444444444444445,0.6666666666666666,0.15555555555555556,-0.022222222222222223,0.06666666666666667,0.3333333333333333
