strength_level,strength_edits,n,mean_cross_similarity,mean_paired_similarity,mean_raw_perturbation_drift,mean_noise_corrected_drift,mean_clean_correctness,mean_perturbed_correctness,mean_abs_repeated_pass_rate_change,mean_repeated_pass_rate_drop,share_harmful_correctness_drop,share_correctness_changed
0,0,15,1.0,1.0,0.0,0.0,0.5716666666666667,0.5716666666666667,0.0,0.0,0.0,0.0
1,1,15,0.945300037782816,0.9451823929553014,0.05469996221718402,0.029277552572727926,0.5716666666666667,0.6197619047619047,0.22746031746031747,-0.0480952380952381,0.2,0.5333333333333333
2,2,15,0.9509957810437458,0.9457413678798368,0.04900421895625419,0.01188512416106191,0.5716666666666667,0.6311111111111111,0.14833333333333334,-0.05944444444444444,0.13333333333333333,0.4
3,3,15,0.9501886549347186,0.9559235487782931,0.049811345065281426,0.027126904282634774,0.5716666666666667,0.687936507936508,0.16706349206349208,-0.11626984126984127,0.13333333333333333,0.4
4,4,15,0.961274425987968,0.961597262609034,0.038725574012032034,0.010603972913935071,0.5716666666666667,0.6980952380952381,0.18357142857142858,-0.12642857142857145,0.13333333333333333,0.5333333333333333
5,5,15,0.9642161225547575,0.9654895143863347,0.03578387744524246,0.01037688771571514,0.5716666666666667,0.7266666666666667,0.155,-0.155,0.0,0.4
