strength_level,strength_edits,n,mean_cross_similarity,mean_paired_similarity,mean_raw_perturbation_drift,mean_noise_corrected_drift,mean_clean_correctness,mean_perturbed_correctness,mean_abs_repeated_pass_rate_change,mean_repeated_pass_rate_drop,share_harmful_correctness_drop,share_correctness_changed
0,0,15,1.0,1.0,0.0,0.0,0.6550264550264551,0.6550264550264551,0.0,0.0,0.0,0.0
1,1,15,0.9593561477500713,0.9646659722885909,0.040643852249928725,0.000460614760251469,0.6550264550264551,0.6619047619047619,0.09576719576719578,-0.006878306878306887,0.13333333333333333,0.4
2,2,15,0.9631049217062563,0.9697014521972716,0.03689507829374372,0.0002719493832832374,0.6550264550264551,0.6841269841269841,0.07354497354497355,-0.02910052910052911,0.06666666666666667,0.3333333333333333
3,4,15,0.9585206920639463,0.9590484765030891,0.041479307936053665,0.002293492793748645,0.6550264550264551,0.5687830687830688,0.10529100529100528,0.08624338624338622,0.3333333333333333,0.4
4,8,15,0.9469639643776437,0.9493660390764428,0.053036035622356224,0.010716962771848491,0.6550264550264551,0.6550264550264551,0.08888888888888889,-3.7007434154171884e-18,0.06666666666666667,0.2
