strength_level,strength_edits,n,mean_cross_similarity,mean_paired_similarity,mean_raw_perturbation_drift,mean_noise_corrected_drift,mean_clean_correctness,mean_perturbed_correctness,mean_abs_repeated_pass_rate_change,mean_repeated_pass_rate_drop,share_harmful_correctness_drop,share_correctness_changed
0,0,5,1.0,1.0,0.0,0.0,0.9138095238095237,0.9138095238095237,0.0,0.0,0.0,0.0
1,1,5,0.9902777113895201,0.9899624339847961,0.009722288610479853,0.0005702626576159558,0.9138095238095237,0.9304761904761905,0.016666666666666673,-0.016666666666666673,0.0,0.2
2,2,5,0.991938526958532,0.9915667437133246,0.008061473041467935,0.00012933012404201796,0.9138095238095237,0.94,0.02619047619047621,-0.02619047619047621,0.0,0.4
3,4,5,0.9889031364758701,0.9922133991145269,0.011096863524129915,0.0012026514096658938,0.9138095238095237,0.9233333333333333,0.009523809523809535,-0.009523809523809535,0.0,0.2
4,8,5,0.9890491240069882,0.9873452708136674,0.010950875993011821,0.0006633016953613393,0.9138095238095237,0.915,0.01785714285714286,-0.0011904761904762084,0.2,0.4
