strength_level,strength_edits,n,mean_cross_similarity,mean_paired_similarity,mean_raw_perturbation_drift,mean_noise_corrected_drift,mean_clean_correctness,mean_perturbed_correctness,mean_abs_repeated_pass_rate_change,mean_repeated_pass_rate_drop,share_harmful_correctness_drop,share_correctness_changed
0,0,40,1.0,1.0,0.0,0.0,0.697468253968254,0.697468253968254,0.0,0.0,0.0,0.0
1,2,40,0.9642637908529961,0.9628745880896353,0.0357362091470039,0.00679240173767959,0.697468253968254,0.7626507936507937,0.10146825396825397,-0.06518253968253968,0.1,0.425
2,4,40,0.9586202037730888,0.9571112339694788,0.04137979622691119,0.012628827342659021,0.697468253968254,0.7561825396825397,0.117,-0.05871428571428571,0.175,0.425
3,8,40,0.9568442791038475,0.9565684375196747,0.04315572089615253,0.013289991817327625,0.697468253968254,0.7936507936507936,0.12103968253968254,-0.09618253968253968,0.1,0.425
4,16,40,0.9544692507511446,0.953554543200808,0.04553074924885537,0.015254525177346089,0.697468253968254,0.750468253968254,0.09842857142857143,-0.053,0.175,0.375
