strength_level,strength_edits,n,mean_cross_similarity,mean_paired_similarity,mean_raw_perturbation_drift,mean_noise_corrected_drift,mean_clean_correctness,mean_perturbed_correctness,mean_abs_repeated_pass_rate_change,mean_repeated_pass_rate_drop,share_harmful_correctness_drop,share_correctness_changed
0,0,96,1.0,1.0,0.0,0.0,0.6538715277777778,0.6538715277777778,0.0,0.0,0.0,0.0
1,2,96,0.966611654329499,0.9660741148530495,0.03338834567050099,0.0027969370300551595,0.6538715277777778,0.6471759259259259,0.05769097222222222,0.0066956018518518476,0.17708333333333334,0.3125
2,4,96,0.9630135915630028,0.9619278978346896,0.036986408436997166,0.008080414910212651,0.6538715277777778,0.6381258267195767,0.05039847883597884,0.015745701058201056,0.14583333333333334,0.28125
3,8,96,0.9591905727149724,0.9589092176980688,0.04080942728502754,0.01006695326278394,0.6538715277777778,0.6598321759259259,0.08195601851851853,-0.00596064814814815,0.16666666666666666,0.34375
4,16,96,0.9589204801818093,0.9592401987609112,0.04107951981819074,0.010716206958420947,0.6538715277777778,0.6560474537037037,0.08261574074074074,-0.002175925925925926,0.15625,0.3541666666666667
