strength_level,strength_edits,n,mean_cross_similarity,mean_paired_similarity,mean_raw_perturbation_drift,mean_noise_corrected_drift,mean_clean_correctness,mean_perturbed_correctness,mean_abs_repeated_pass_rate_change,mean_repeated_pass_rate_drop,share_harmful_correctness_drop,share_correctness_changed
0,0,5,1.0,1.0,0.0,0.0,0.94,0.94,0.0,0.0,0.0,0.0
1,1,5,0.987289015650817,0.9863213861778615,0.012710984349183094,0.0030705877921435934,0.94,0.9380952380952381,0.05523809523809527,0.001904761904761898,0.4,0.6
2,2,5,0.9872075159950044,0.9874613632588708,0.012792484004995535,0.004181087518266343,0.94,0.940952380952381,0.03904761904761904,-0.000952380952380949,0.2,0.4
3,3,5,0.9901189804560717,0.990338661030367,0.009881019543928322,0.002926624794945911,0.94,0.9342857142857143,0.03238095238095238,0.005714285714285716,0.2,0.4
4,4,5,0.991411229401971,0.9908824969476462,0.008588770598028999,0.0017279264585696413,0.94,0.9704761904761905,0.049523809523809546,-0.03047619047619048,0.2,0.4
5,5,5,0.9892963943430237,0.9897852852428483,0.010703605656976214,0.0019243359322491265,0.94,0.9704761904761905,0.049523809523809546,-0.03047619047619048,0.2,0.4
