strength_level,strength_edits,n,mean_cross_similarity,mean_paired_similarity,mean_raw_perturbation_drift,mean_noise_corrected_drift,mean_clean_correctness,mean_perturbed_correctness,mean_abs_repeated_pass_rate_change,mean_repeated_pass_rate_drop,share_harmful_correctness_drop,share_correctness_changed
0,0,40,1.0,1.0,0.0,0.0,0.6522003968253969,0.6522003968253969,0.0,0.0,0.0,0.0
1,2,40,0.956208089844426,0.954467456415056,0.04379191015557407,0.006646928353426903,0.6522003968253969,0.6698333333333333,0.07461706349206348,-0.01763293650793651,0.15,0.425
2,4,40,0.9561096744852964,0.957843011187917,0.043890325514703676,0.005935237816877433,0.6522003968253969,0.6657619047619048,0.07165674603174604,-0.013561507936507938,0.15,0.375
3,8,40,0.9501419714591303,0.9499915665868709,0.04985802854086969,0.012717018377251059,0.6522003968253969,0.7071904761904761,0.12340277777777778,-0.05499007936507937,0.175,0.475
4,16,40,0.9500838100826601,0.9507473074982834,0.04991618991733989,0.01119025813250174,0.6522003968253969,0.6781845238095238,0.11034523809523811,-0.02598412698412698,0.275,0.525
