strength_level,strength_edits,n,mean_cross_similarity,mean_paired_similarity,mean_raw_perturbation_drift,mean_noise_corrected_drift,mean_clean_correctness,mean_perturbed_correctness,mean_abs_repeated_pass_rate_change,mean_repeated_pass_rate_drop,share_harmful_correctness_drop,share_correctness_changed
0,0,48,1.0,1.0,0.0,0.0,0.6613194444444445,0.6613194444444445,0.0,0.0,0.0,0.0
1,2,48,0.9676841156912399,0.9703247063823653,0.03231588430876007,0.0028721754881972537,0.6613194444444445,0.6471064814814815,0.0662962962962963,0.014212962962962962,0.14583333333333334,0.2708333333333333
2,4,48,0.9633730161499994,0.9620835638179863,0.0366269838500006,0.006769315968336962,0.6613194444444445,0.6129976851851852,0.0760300925925926,0.04832175925925926,0.20833333333333334,0.2916666666666667
3,8,48,0.9676214777491127,0.9675609852446047,0.03237852225088733,0.004300417863777489,0.6613194444444445,0.6112847222222222,0.07607638888888889,0.050034722222222223,0.2708333333333333,0.3541666666666667
4,16,48,0.9647302670611119,0.963806997362767,0.03526973293888809,0.0057190466511778965,0.6613194444444445,0.6239930555555555,0.07336805555555556,0.03732638888888889,0.20833333333333334,0.3125
