{
  "model": "gpt-4o-mini",
  "embedding_model": "text-embedding-3-small",
  "dataset_cases_per_task": 2,
  "samples": 3,
  "levels": [
    0,
    1,
    2,
    4,
    8
  ],
  "tasks": [
    "factual_qa",
    "math_reasoning",
    "code_generation"
  ],
  "perturbation_family": "surface_noise",
  "case_level_rows": 30,
  "by_level": [
    {
      "strength_level": 0,
      "strength_edits": 0,
      "n": 6,
      "mean_cross_similarity": 1.0,
      "mean_paired_similarity": 1.0,
      "mean_raw_perturbation_drift": 0.0,
      "mean_noise_corrected_drift": 0.0,
      "mean_clean_correctness": 0.6111111111111112,
      "mean_perturbed_correctness": 0.6111111111111112,
      "mean_abs_repeated_pass_rate_change": 0.0,
      "mean_repeated_pass_rate_drop": 0.0,
      "share_harmful_correctness_drop": 0.0,
      "share_correctness_changed": 0.0
    },
    {
      "strength_level": 1,
      "strength_edits": 1,
      "n": 6,
      "mean_cross_similarity": 0.979205054156476,
      "mean_paired_similarity": 0.9793716967459752,
      "mean_raw_perturbation_drift": 0.020794945843524038,
      "mean_noise_corrected_drift": 0.00022857994270905047,
      "mean_clean_correctness": 0.6111111111111112,
      "mean_perturbed_correctness": 0.5,
      "mean_abs_repeated_pass_rate_change": 0.11111111111111112,
      "mean_repeated_pass_rate_drop": 0.11111111111111112,
      "share_harmful_correctness_drop": 0.3333333333333333,
      "share_correctness_changed": 0.3333333333333333
    },
    {
      "strength_level": 2,
      "strength_edits": 2,
      "n": 6,
      "mean_cross_similarity": 0.9786781130767181,
      "mean_paired_similarity": 0.9777644354409789,
      "mean_raw_perturbation_drift": 0.021321886923281824,
      "mean_noise_corrected_drift": 0.00010058560444042737,
      "mean_clean_correctness": 0.6111111111111112,
      "mean_perturbed_correctness": 0.5555555555555556,
      "mean_abs_repeated_pass_rate_change": 0.05555555555555555,
      "mean_repeated_pass_rate_drop": 0.05555555555555555,
      "share_harmful_correctness_drop": 0.16666666666666666,
      "share_correctness_changed": 0.16666666666666666
    },
    {
      "strength_level": 3,
      "strength_edits": 4,
      "n": 6,
      "mean_cross_similarity": 0.9727662453682527,
      "mean_paired_similarity": 0.9704282411434147,
      "mean_raw_perturbation_drift": 0.027233754631747268,
      "mean_noise_corrected_drift": 0.002886378660891356,
      "mean_clean_correctness": 0.6111111111111112,
      "mean_perturbed_correctness": 0.4444444444444444,
      "mean_abs_repeated_pass_rate_change": 0.16666666666666666,
      "mean_repeated_pass_rate_drop": 0.16666666666666666,
      "share_harmful_correctness_drop": 0.5,
      "share_correctness_changed": 0.5
    },
    {
      "strength_level": 4,
      "strength_edits": 8,
      "n": 6,
      "mean_cross_similarity": 0.9707011354462768,
      "mean_paired_similarity": 0.9655454581495926,
      "mean_raw_perturbation_drift": 0.029298864553723256,
      "mean_noise_corrected_drift": 0.003559001601947094,
      "mean_clean_correctness": 0.6111111111111112,
      "mean_perturbed_correctness": 0.5,
      "mean_abs_repeated_pass_rate_change": 0.1111111111111111,
      "mean_repeated_pass_rate_drop": 0.1111111111111111,
      "share_harmful_correctness_drop": 0.3333333333333333,
      "share_correctness_changed": 0.3333333333333333
    }
  ],
  "correlations": [
    {
      "scope": "all_levels",
      "n": 30,
      "x": "strength_edits",
      "y": "mean_cross_similarity",
      "pearson": -0.4555040269497522,
      "spearman": -0.5804286907122113
    },
    {
      "scope": "all_levels",
      "n": 30,
      "x": "strength_edits",
      "y": "noise_corrected_drift",
      "pearson": 0.3258815937178557,
      "spearman": 0.3107247590304326
    },
    {
      "scope": "all_levels",
      "n": 30,
      "x": "strength_edits",
      "y": "abs_repeated_pass_rate_change",
      "pearson": 0.21320071635561044,
      "spearman": 0.2465033242958173
    },
    {
      "scope": "all_levels",
      "n": 30,
      "x": "mean_cross_similarity",
      "y": "abs_repeated_pass_rate_change",
      "pearson": -0.6317999460421121,
      "spearman": -0.6265578390623672
    },
    {
      "scope": "all_levels",
      "n": 30,
      "x": "mean_paired_similarity",
      "y": "abs_repeated_pass_rate_change",
      "pearson": -0.5562715718926826,
      "spearman": -0.5544862508956385
    },
    {
      "scope": "all_levels",
      "n": 30,
      "x": "noise_corrected_drift",
      "y": "abs_repeated_pass_rate_change",
      "pearson": 0.4427265989023722,
      "spearman": 0.43721074843444035
    },
    {
      "scope": "all_levels",
      "n": 30,
      "x": "mean_cross_similarity",
      "y": "harmful_correctness_drop",
      "pearson": -0.631799946042112,
      "spearman": -0.6597928399755524
    },
    {
      "scope": "all_levels",
      "n": 30,
      "x": "noise_corrected_drift",
      "y": "harmful_correctness_drop",
      "pearson": 0.4427265989023722,
      "spearman": 0.45119402124615116
    },
    {
      "scope": "nonzero_levels",
      "n": 24,
      "x": "strength_edits",
      "y": "mean_cross_similarity",
      "pearson": -0.21796257369856367,
      "spearman": -0.26420949631773016
    },
    {
      "scope": "nonzero_levels",
      "n": 24,
      "x": "strength_edits",
      "y": "noise_corrected_drift",
      "pearson": 0.2908586427969678,
      "spearman": 0.14550316550223633
    },
    {
      "scope": "nonzero_levels",
      "n": 24,
      "x": "strength_edits",
      "y": "abs_repeated_pass_rate_change",
      "pearson": 0.06593804733957868,
      "spearman": 0.04541243840942217
    },
    {
      "scope": "nonzero_levels",
      "n": 24,
      "x": "mean_cross_similarity",
      "y": "abs_repeated_pass_rate_change",
      "pearson": -0.5874915407216497,
      "spearman": -0.5929237238023082
    },
    {
      "scope": "nonzero_levels",
      "n": 24,
      "x": "mean_paired_similarity",
      "y": "abs_repeated_pass_rate_change",
      "pearson": -0.49036904595502867,
      "spearman": -0.4942780069219242
    },
    {
      "scope": "nonzero_levels",
      "n": 24,
      "x": "noise_corrected_drift",
      "y": "abs_repeated_pass_rate_change",
      "pearson": 0.4203633459015747,
      "spearman": 0.3771785213191335
    },
    {
      "scope": "nonzero_levels",
      "n": 24,
      "x": "mean_cross_similarity",
      "y": "harmful_correctness_drop",
      "pearson": -0.5874915407216497,
      "spearman": -0.6522044874230325
    },
    {
      "scope": "nonzero_levels",
      "n": 24,
      "x": "noise_corrected_drift",
      "y": "harmful_correctness_drop",
      "pearson": 0.42036334590157465,
      "spearman": 0.39648759776459414
    },
    {
      "scope": "task:code_generation",
      "n": 10,
      "x": "strength_edits",
      "y": "mean_cross_similarity",
      "pearson": -0.4549540754198683,
      "spearman": -0.625
    },
    {
      "scope": "task:code_generation",
      "n": 10,
      "x": "strength_edits",
      "y": "noise_corrected_drift",
      "pearson": "",
      "spearman": ""
    },
    {
      "scope": "task:code_generation",
      "n": 10,
      "x": "strength_edits",
      "y": "abs_repeated_pass_rate_change",
      "pearson": "",
      "spearman": ""
    },
    {
      "scope": "task:code_generation",
      "n": 10,
      "x": "mean_cross_similarity",
      "y": "abs_repeated_pass_rate_change",
      "pearson": "",
      "spearman": ""
    },
    {
      "scope": "task:code_generation",
      "n": 10,
      "x": "mean_paired_similarity",
      "y": "abs_repeated_pass_rate_change",
      "pearson": "",
      "spearman": ""
    },
    {
      "scope": "task:code_generation",
      "n": 10,
      "x": "noise_corrected_drift",
      "y": "abs_repeated_pass_rate_change",
      "pearson": "",
      "spearman": ""
    },
    {
      "scope": "task:code_generation",
      "n": 10,
      "x": "mean_cross_similarity",