task,strength_level,strength_edits,n,mean_cross_similarity,mean_noise_corrected_drift,mean_abs_repeated_pass_rate_change,mean_repeated_pass_rate_drop,share_harmful_correctness_drop,share_correctness_changed
long_factual_qa,0,0,5,1.0,0.0,0.0,0.0,0.0,0.0
long_factual_qa,1,1,5,0.9902777113895201,0.0005702626576159558,0.016666666666666673,-0.016666666666666673,0.0,0.2
long_factual_qa,2,2,5,0.991938526958532,0.00012933012404201796,0.02619047619047621,-0.02619047619047621,0.0,0.4
long_factual_qa,3,4,5,0.9889031364758701,0.0012026514096658938,0.009523809523809535,-0.009523809523809535,0.0,0.2
long_factual_qa,4,8,5,0.9890491240069882,0.0006633016953613393,0.01785714285714286,-0.0011904761904762084,0.2,0.4
