strength_level,strength_edits,n,mean_cross_similarity,mean_paired_similarity,mean_raw_perturbation_drift,mean_noise_corrected_drift,mean_clean_correctness,mean_perturbed_correctness,mean_abs_repeated_pass_rate_change,mean_repeated_pass_rate_drop,share_harmful_correctness_drop,share_correctness_changed
0,0,100,1.0,1.0,0.0,0.0,0.6812888888888889,0.6812888888888889,0.0,0.0,0.0,0.0
1,2,100,0.9691564186089603,0.9694280260211832,0.030843581391039748,0.002235721229904244,0.6812888888888889,0.6487,0.05487777777777778,0.03258888888888889,0.19,0.3
2,4,100,0.9631882117869252,0.9625834285481467,0.03681178821307479,0.008136597929647384,0.6812888888888889,0.62975,0.06637222222222222,0.05153888888888889,0.24,0.3
3,8,100,0.9595494675016881,0.9606813102572417,0.04045053249831185,0.012518305945802223,0.6812888888888889,0.6507706349206349,0.07548492063492064,0.030518253968253972,0.22,0.35
4,16,100,0.9564410586459638,0.9572417248917454,0.043558941354036144,0.012651636292645123,0.6812888888888889,0.6409,0.08184444444444444,0.04038888888888889,0.21,0.33
