strength_level,strength_edits,n,mean_cross_similarity,mean_paired_similarity,mean_raw_perturbation_drift,mean_noise_corrected_drift,mean_clean_correctness,mean_perturbed_correctness,mean_abs_repeated_pass_rate_change,mean_repeated_pass_rate_drop,share_harmful_correctness_drop,share_correctness_changed
0,0,6,1.0,1.0,0.0,0.0,0.5555555555555556,0.5555555555555556,0.0,0.0,0.0,0.0
1,1,6,0.9712684496087501,0.9714091197275068,0.028731550391249847,0.005218219802981624,0.5555555555555556,0.6111111111111112,0.05555555555555555,-0.05555555555555555,0.0,0.16666666666666666
2,2,6,0.9809913712354884,0.9806703272589692,0.019008628764511613,0.0042405679386010265,0.5555555555555556,0.3333333333333333,0.2222222222222222,0.2222222222222222,0.3333333333333333,0.3333333333333333
3,4,6,0.9834859988429094,0.9867217286855845,0.016514001157090532,6.069282983596953e-08,0.5555555555555556,0.4444444444444444,0.11111111111111112,0.11111111111111112,0.3333333333333333,0.3333333333333333
4,8,6,0.9803685624112372,0.9806809542163318,0.019631437588762887,0.0016997461406235775,0.5555555555555556,0.4444444444444444,0.11111111111111112,0.11111111111111112,0.3333333333333333,0.3333333333333333
