task,perturbation,dataset,n,uncorrected_single_drift,noise_baseline,raw_perturbation_drift,noise_corrected_drift
factual_qa,context_injection,SQuAD V2,5,4.653570238355443e-06,4.4408920985006264e-17,4.653570238355443e-06,4.6535702383110335e-06
math_reasoning,context_injection,MATH,5,0.08306394209926345,0.05321025123134643,0.051221932847120406,0.001811423293423542
code_generation,context_injection,HumanEval,5,0.06337778882498502,0.02658350741879773,0.029866655039876042,0.005093556399348125
open_ended_writing,context_injection,Alpaca,5,0.09904098503441053,0.07189996442757755,0.08571560369483854,0.016126780651234275
