task,perturbation,dataset,n,uncorrected_single_drift,noise_baseline,raw_perturbation_drift,noise_corrected_drift
factual_qa,surface_noise,SQuAD V2,5,4.4408920985006264e-17,4.4408920985006264e-17,4.4408920985006264e-17,0.0
math_reasoning,surface_noise,MATH,5,0.03275242052641556,0.06161330588142084,0.0546953827452825,0.0006605253754801254
code_generation,surface_noise,HumanEval,5,0.040277113298575126,0.01275444176511747,0.04572130026929781,0.033324708336368886
open_ended_writing,surface_noise,Alpaca,5,0.1647389794748106,0.061782282115249366,0.15974915095072179,0.10161939916660757
