task,perturbation,dataset,n,uncorrected_single_drift,noise_baseline,raw_perturbation_drift,noise_corrected_drift
factual_qa,formatting,SQuAD V2,25,0.022259576180806682,0.030524315798806198,0.05371150005930203,0.027390198027771546
math_reasoning,formatting,MATH,25,0.05833844776526088,0.04871319297873509,0.049360607568103274,0.003931237070777613
code_generation,formatting,HumanEval,25,0.1269839301314292,0.04263494324722217,0.10074264344472617,0.05826858938945308
open_ended_writing,formatting,Alpaca,25,0.08562486794666713,0.057991407831300974,0.08558577926349396,0.029731797654553117
