task,rank,perturbation,noise_corrected_drift,raw_perturbation_drift
factual_qa,1,surface_noise,0.013821485217123914,0.02423940415556523
math_reasoning,1,surface_noise,0.007386430659079875,0.053037710490440676
code_generation,1,surface_noise,0.021731496130256725,0.04120328018588675
open_ended_writing,1,surface_noise,0.008905344796289802,0.08797802631700262
