task,perturbation,dataset,n,uncorrected_single_drift,noise_baseline,raw_perturbation_drift,noise_corrected_drift
factual_qa,reordering,SQuAD V2,25,0.022594075325635923,0.01379925369833465,0.017165887728840937,0.005087238509990998
math_reasoning,reordering,MATH,25,0.0651668439229862,0.05932301886019287,0.07523416205961303,0.01800078199292703
code_generation,reordering,HumanEval,25,0.028865283391292147,0.015280707501006173,0.024953975071399126,0.011622232674349156
open_ended_writing,reordering,Alpaca,25,0.0730246612011196,0.08521723876085471,0.09139250849438012,0.00797841076435803
