task,rank,perturbation,noise_corrected_drift,raw_perturbation_drift
factual_qa,1,context_injection,4.6535702383110335e-06,4.653570238355443e-06
math_reasoning,1,context_injection,0.001811423293423542,0.051221932847120406
code_generation,1,context_injection,0.005093556399348125,0.029866655039876042
open_ended_writing,1,context_injection,0.016126780651234275,0.08571560369483854
