task,perturbation,dataset,n,uncorrected_single_drift,noise_baseline,raw_perturbation_drift,noise_corrected_drift
factual_qa,formatting,SQuAD V2,25,0.022259576180806682,0.02770304738080373,0.05371150005930203,0.030888902527065738
math_reasoning,formatting,MATH,25,0.05833844776526088,0.04636137147209623,0.049360607568103274,0.006788507338366029
code_generation,formatting,HumanEval,25,0.1269839301314292,0.032036587901980294,0.10074264344472617,0.0722066748272555
open_ended_writing,formatting,Alpaca,25,0.08562486794666713,0.058284397657462,0.08558577926349396,0.03401935585139698
