task,perturbation,dataset,n,uncorrected_single_drift,noise_baseline,raw_perturbation_drift,noise_corrected_drift
factual_qa,formatting,SQuAD V2,5,4.4408920985006264e-17,4.4408920985006264e-17,4.4408920985006264e-17,0.0
math_reasoning,formatting,MATH,5,0.04333160794494182,0.06128707689473376,0.05281059097567954,0.0010808538684084726
code_generation,formatting,HumanEval,5,0.05000804549105149,0.01857234946413893,0.056520747913710194,0.03824051899962406
open_ended_writing,formatting,Alpaca,5,0.1479031734523253,0.09802781498013438,0.15230902694176654,0.054281211961632166
