task,perturbation,dataset,n,uncorrected_single_drift,noise_baseline,raw_perturbation_drift,noise_corrected_drift
factual_qa,reordering,SQuAD V2,10,0.04764562267738011,0.017905402849846545,0.01723093188827482,3.641569790158172e-08
math_reasoning,reordering,MATH,10,0.06811777155775753,0.05464515736773832,0.05434863550863254,0.0025475853605167785
code_generation,reordering,HumanEval,10,0.06231206063062761,0.03682713656246434,0.055071453688933625,0.02083844253380303
open_ended_writing,reordering,Alpaca,10,0.10920688080316825,0.10358978180616094,0.11519784377235814,0.01801044239469366
