task,rank,perturbation,noise_corrected_drift,raw_perturbation_drift
factual_qa,1,surface_noise,0.028141712417016983,0.05203540441821207
math_reasoning,1,surface_noise,0.004360387424245291,0.053771675011442775
code_generation,1,surface_noise,0.023814880739016272,0.05709350823627014
open_ended_writing,1,surface_noise,0.0133157848464736,0.06697722466326722
