task,perturbation,dataset,n,uncorrected_single_drift,noise_baseline,raw_perturbation_drift,noise_corrected_drift
factual_qa,paraphrase,SQuAD V2,25,0.13007557152526472,0.039289723608706174,0.11524723751562711,0.07844940285153196
math_reasoning,paraphrase,MATH,25,0.04993968415880186,0.05027651555861893,0.04938442854157469,0.004032916137922109
code_generation,paraphrase,HumanEval,25,0.08061292700694406,0.03335686926448387,0.0786357053288719,0.04812172544040106
open_ended_writing,paraphrase,Alpaca,25,0.060142124542685645,0.06259669182344033,0.06332473340433717,0.005909671308803968
