task,perturbation,dataset,n,uncorrected_single_drift,noise_baseline,raw_perturbation_drift,noise_corrected_drift
factual_qa,surface_noise,SQuAD V2,10,0.03128298490125109,0.02531254299569424,0.03506617186098942,0.00975379982480836
math_reasoning,surface_noise,MATH,10,0.06375622066325606,0.05122826450347595,0.0616424776009637,0.011120774763495165
code_generation,surface_noise,HumanEval,10,0.053771050294274966,0.036040862280150084,0.06050751477313203,0.028764274210482808
open_ended_writing,surface_noise,Alpaca,10,0.143414708436708,0.10253373670541187,0.11835808115791409,0.026548439560861777
