task,rank,perturbation,noise_corrected_drift,raw_perturbation_drift
factual_qa,1,formatting,0.027390198027771546,0.05371150005930203
math_reasoning,1,formatting,0.003931237070777613,0.049360607568103274
code_generation,1,formatting,0.05826858938945308,0.10074264344472617
open_ended_writing,1,formatting,0.029731797654553117,0.08558577926349396
