task,perturbation,dataset,n,uncorrected_single_drift,noise_baseline,raw_perturbation_drift,noise_corrected_drift
factual_qa,surface_noise,SQuAD V2,25,0.030930769580456846,0.016397972624498075,0.02423940415556523,0.008258882518589502
math_reasoning,surface_noise,MATH,25,0.05168696054991022,0.05273896422073421,0.053037710490440676,0.004169127359862205
code_generation,surface_noise,HumanEval,25,0.04368139946428378,0.030213822638681647,0.04120328018588675,0.011751298733747818
open_ended_writing,surface_noise,Alpaca,25,0.06733323565067278,0.08918367496972715,0.08797802631700262,0.005159329467797073
