task,perturbation,dataset,n,uncorrected_single_drift,noise_baseline,raw_perturbation_drift,noise_corrected_drift
factual_qa,context_injection,SQuAD V2,10,0.017119947343348086,0.026296800057541397,0.03869808758606901,0.015029685395761688
math_reasoning,context_injection,MATH,10,0.06554960420429741,0.05261489280993815,0.056109033905331,0.005233014255740007
code_generation,context_injection,HumanEval,10,0.018682148842639835,0.027240162759922977,0.03899317317076212,0.016114142667433096
open_ended_writing,context_injection,Alpaca,10,0.14817106705438196,0.1220256823607096,0.13313110329053682,0.020867228229854755
