task,perturbation,dataset,n,uncorrected_single_drift,noise_baseline,raw_perturbation_drift,noise_corrected_drift
factual_qa,paraphrase,SQuAD V2,10,0.06967293042303571,0.034907507790613315,0.09601227001394289,0.06110718899430796
math_reasoning,paraphrase,MATH,10,0.03745110449975825,0.04417883466315716,0.04645759755649895,0.004534771425409882
code_generation,paraphrase,HumanEval,10,0.05427657706094095,0.031306543608593036,0.04852331560634565,0.0197893129780003
open_ended_writing,paraphrase,Alpaca,10,0.12067253003528268,0.1261556048784261,0.12779612136144736,0.013782257778120005
