task,perturbation,dataset,n,uncorrected_single_drift,noise_baseline,raw_perturbation_drift,noise_corrected_drift
factual_qa,paraphrase,SQuAD V2,25,0.07620233672599758,0.03028802913291062,0.08128144153994542,0.050993412407034804
math_reasoning,paraphrase,MATH,25,0.04960150464526026,0.04883145034307014,0.05309021663733896,0.008539916779924503
code_generation,paraphrase,HumanEval,25,0.06293784383585914,0.032853834711833986,0.050117364213615095,0.025406866362083412
open_ended_writing,paraphrase,Alpaca,25,0.09230222765632612,0.07357258135747508,0.08375271978515962,0.016024072138683565
