task,rank,perturbation,noise_corrected_drift,raw_perturbation_drift
factual_qa,1,surface_noise,0.008258882518589502,0.02423940415556523
math_reasoning,1,surface_noise,0.004169127359862205,0.053037710490440676
code_generation,1,surface_noise,0.011751298733747818,0.04120328018588675
open_ended_writing,1,surface_noise,0.005159329467797073,0.08797802631700262
