task,perturbation,dataset,n,uncorrected_single_drift,noise_baseline,raw_perturbation_drift,noise_corrected_drift
factual_qa,paraphrase,SQuAD V2,5,0.06741099557238546,0.020127956731729384,0.053921411915231136,0.03379345518350175
math_reasoning,paraphrase,MATH,5,0.05199239621928213,0.046719828905890465,0.05769335603659269,0.012140428008230422
code_generation,paraphrase,HumanEval,5,0.03656691860146701,0.0076573236270032355,0.044487899479414415,0.03692671559456871
open_ended_writing,paraphrase,Alpaca,5,0.13747558821385636,0.08723339169532596,0.08894393061972436,0.006605397102629293
