task,rank,perturbation,noise_corrected_drift,raw_perturbation_drift
factual_qa,1,reordering,0.005087238509990998,0.017165887728840937
math_reasoning,1,reordering,0.01800078199292703,0.07523416205961303
code_generation,1,reordering,0.011622232674349156,0.024953975071399126
open_ended_writing,1,reordering,0.00797841076435803,0.09139250849438012
