task,rank,perturbation,noise_corrected_drift,raw_perturbation_drift
factual_qa,1,formatting,0.030888902527065738,0.05371150005930203
math_reasoning,1,formatting,0.006788507338366029,0.049360607568103274
code_generation,1,formatting,0.0722066748272555,0.10074264344472617
open_ended_writing,1,formatting,0.03401935585139698,0.08558577926349396
