task,rank,perturbation,noise_corrected_drift,raw_perturbation_drift
factual_qa,1,context_injection,0.029827772617186374,0.047922479108467024
math_reasoning,1,context_injection,0.005953276090208978,0.04774618798404815
code_generation,1,context_injection,0.013048850893635697,0.043105908596370125
open_ended_writing,1,context_injection,0.016835169100901826,0.07988332143764125
