task,perturbation,dataset,n,uncorrected_single_drift,noise_baseline,raw_perturbation_drift,noise_corrected_drift
factual_qa,context_injection,SQuAD V2,25,0.05061953774770939,0.021753741360772058,0.047922479108467024,0.026477916300753867
math_reasoning,context_injection,MATH,25,0.05339900425034609,0.04724773695535873,0.04774618798404815,0.003366492083006457
code_generation,context_injection,HumanEval,25,0.02859431864668696,0.034297665344674266,0.043105908596370125,0.009059154089776538
open_ended_writing,context_injection,Alpaca,25,0.08745212746131484,0.06150522883275281,0.07988332143764125,0.018812385896873098
