task,rank,perturbation,noise_corrected_drift,raw_perturbation_drift
factual_qa,1,reordering,0.03922022729257795,0.06277336370201363
math_reasoning,1,reordering,0.026098699618273952,0.07525274706800787
code_generation,1,reordering,0.027999799202300703,0.06174123504515849
open_ended_writing,1,reordering,0.013911628709359724,0.0712972729100107
