task,rank,perturbation,noise_corrected_drift,raw_perturbation_drift
factual_qa,1,formatting,0.013860509156877091,0.03153567642693047
math_reasoning,1,formatting,0.006912037174289288,0.050942817138920155
code_generation,1,formatting,0.029402330814540193,0.055224953460149225
open_ended_writing,1,formatting,0.05880936289594162,0.15688796568046487
