task,perturbation,dataset,n,uncorrected_single_drift,noise_baseline,raw_perturbation_drift,noise_corrected_drift
factual_qa,paraphrase,SQuAD V2,25,0.13007557152526472,0.036270416448788735,0.11524723751562711,0.09201631449171246
math_reasoning,paraphrase,MATH,25,0.04993968415880186,0.049538033943969065,0.04938442854157469,0.007311187291809279
code_generation,paraphrase,HumanEval,25,0.08061292700694406,0.030117352718374978,0.0786357053288719,0.05097009671184828
open_ended_writing,paraphrase,Alpaca,25,0.060142124542685645,0.06715534875874779,0.06332473340433717,0.005799283114884823
