task,perturbation,dataset,n,uncorrected_single_drift,noise_baseline,raw_perturbation_drift,noise_corrected_drift
factual_qa,paraphrase,SQuAD V2,25,0.07620233672599758,0.03534651586654717,0.08128144153994542,0.04649378878928875
math_reasoning,paraphrase,MATH,25,0.04960150464526026,0.050104131255334174,0.05309021663733896,0.005547359433284334
code_generation,paraphrase,HumanEval,25,0.06293784383585914,0.03194744887846872,0.050117364213615095,0.01947717675139808
open_ended_writing,paraphrase,Alpaca,25,0.09230222765632612,0.0795130090772382,0.08375271978515962,0.007279334545178351
