task,perturbation,dataset,n,uncorrected_single_drift,noise_baseline,raw_perturbation_drift,noise_corrected_drift
factual_qa,formatting,SQuAD V2,10,7.071035642569612e-08,0.019024182024592627,0.03153567642693047,0.013860509156877091
math_reasoning,formatting,MATH,10,0.05659301384471397,0.04700496431592965,0.050942817138920155,0.006912037174289288
code_generation,formatting,HumanEval,10,0.03600734225806719,0.031319951753693676,0.055224953460149225,0.029402330814540193
open_ended_writing,formatting,Alpaca,10,0.13691318631169636,0.10171034285873916,0.15688796568046487,0.05880936289594162
