task,perturbation,dataset,n,uncorrected_single_drift,noise_baseline,raw_perturbation_drift,noise_corrected_drift
factual_qa,reordering,SQuAD V2,5,4.721083993453057e-06,2.1549621317025942e-08,4.677984750863414e-06,4.656435129546388e-06
math_reasoning,reordering,MATH,5,0.0618455618426121,0.04285390094625481,0.04565822381197073,0.0031642713332373485
code_generation,reordering,HumanEval,5,0.078174452914301,0.017336435959460838,0.06376098237502609,0.04650916661843395
open_ended_writing,reordering,Alpaca,5,0.05160458753029813,0.08885684087898056,0.09158946209369855,0.006571399095061356
