task,perturbation,dataset,n,uncorrected_single_drift,noise_baseline,raw_perturbation_drift,noise_corrected_drift
factual_qa,context_injection,SQuAD V2,25,0.0112378875233887,0.021380597986134432,0.01849213986927447,0.0028875059725116214
math_reasoning,context_injection,MATH,25,0.05359839679482402,0.046756896734081364,0.05330784833783091,0.011686940766824671
code_generation,context_injection,HumanEval,25,0.013329545119697155,0.034573215768352004,0.027893604504059158,0.003597419561755723
open_ended_writing,context_injection,Alpaca,25,0.09360465986350462,0.07303595071977118,0.09187670089180812,0.027268662225927418
