task,rank,perturbation,noise_corrected_drift,raw_perturbation_drift
factual_qa,1,reordering,0.005728420519540856,0.017165887728840937
math_reasoning,1,reordering,0.030309068747362247,0.07523416205961303
code_generation,1,reordering,0.014354683147758745,0.024953975071399126
open_ended_writing,1,reordering,0.01899064803943761,0.09139250849438012
