task,rank,perturbation,noise_corrected_drift,raw_perturbation_drift
factual_qa,1,formatting,0.015202670278548156,0.03372643032268638
math_reasoning,1,formatting,0.014187157308850723,0.05657791253302031
code_generation,1,formatting,0.040238027203562975,0.0655742250456089
open_ended_writing,1,formatting,0.012710958382333635,0.0874693863663419
