task,rank,perturbation,noise_corrected_drift,raw_perturbation_drift
factual_qa,1,context_injection,0.015029685395761688,0.03869808758606901
math_reasoning,1,context_injection,0.005233014255740007,0.056109033905331
code_generation,1,context_injection,0.016114142667433096,0.03899317317076212
open_ended_writing,1,context_injection,0.020867228229854755,0.13313110329053682
