perturbation,task,n,uncorrected_single_drift,noise_baseline,raw_perturbation_drift,noise_corrected_drift
character,factual_qa,2,0.05155588853506732,0.03437059235671157,0.028642160297259647,0.0
character,math_reasoning,2,0.0270518416559824,0.018103853534384057,0.02095408345391514,0.0028502299195310816
semantic,factual_qa,2,0.16366522617734292,0.002494852589026597,0.165332007648091,0.1628371550590644
semantic,math_reasoning,2,0.03484397098250952,0.03458146485789024,0.05353864300282808,0.019888002044340183
sentence,factual_qa,2,2.6176292028390336e-07,9.797185812621123e-08,2.489104708458534e-07,1.5093861271964215e-07
sentence,math_reasoning,2,0.04409639221757511,0.027580345259442057,0.027732935685346634,0.0005368557733315075
word,factual_qa,2,4.24562735634737e-07,0.0,4.24562735634737e-07,4.24562735634737e-07
word,math_reasoning,2,0.06456779398173468,0.037007525600477,0.04223195303658847,0.005224427436111463
