task,rank,perturbation,noise_corrected_drift,raw_perturbation_drift
factual_qa,1,paraphrase,0.050993412407034804,0.08128144153994542
math_reasoning,1,paraphrase,0.008539916779924503,0.05309021663733896
code_generation,1,paraphrase,0.025406866362083412,0.050117364213615095
open_ended_writing,1,paraphrase,0.016024072138683565,0.08375271978515962
