task,perturbation,dataset,n,uncorrected_single_drift,noise_baseline,raw_perturbation_drift,noise_corrected_drift
factual_qa,context_injection,SQuAD V2,25,0.0112378875233887,0.01801386009954851,0.01849213986927447,0.0041746845366568445
math_reasoning,context_injection,MATH,25,0.05359839679482402,0.04726007311389472,0.05330784833783091,0.00883385048001084
code_generation,context_injection,HumanEval,25,0.013329545119697155,0.03034631982193933,0.027893604504059158,0.002288038934921005
open_ended_writing,context_injection,Alpaca,25,0.09360465986350462,0.07365646490865957,0.09187670089180812,0.01957697626989756
