task,rank,perturbation,noise_corrected_drift,raw_perturbation_drift
factual_qa,1,reordering,0.030002649469653125,0.06277336370201363
math_reasoning,1,reordering,0.02207972008013039,0.07525274706800787
code_generation,1,reordering,0.024419308698118102,0.06174123504515849
open_ended_writing,1,reordering,0.00732252536412235,0.0712972729100107
