task,perturbation,dataset,n,uncorrected_single_drift,noise_baseline,raw_perturbation_drift,noise_corrected_drift
factual_qa,surface_noise,SQuAD V2,25,0.04317671512882848,0.031281403030020034,0.05203540441821207,0.028141712417016983
math_reasoning,surface_noise,MATH,25,0.05221513524692718,0.0582113836806022,0.053771675011442775,0.004360387424245291
code_generation,surface_noise,HumanEval,25,0.06977355861839367,0.047443058842428686,0.05709350823627014,0.023814880739016272
open_ended_writing,surface_noise,Alpaca,25,0.07178044671197235,0.05789012618602553,0.06697722466326722,0.0133157848464736
