task,perturbation,dataset,n,uncorrected_single_drift,noise_baseline,raw_perturbation_drift,noise_corrected_drift
factual_qa,formatting,SQuAD V2,25,0.025990899657429792,0.02761726879363939,0.03372643032268638,0.015202670278548156
math_reasoning,formatting,MATH,25,0.0593572300263876,0.047382385950061244,0.05657791253302031,0.014187157308850723
code_generation,formatting,HumanEval,25,0.046989115723078116,0.034884403949334224,0.0655742250456089,0.040238027203562975
open_ended_writing,formatting,Alpaca,25,0.10121728686592792,0.08661642769090205,0.0874693863663419,0.012710958382333635
