task,rank,perturbation,noise_corrected_drift,raw_perturbation_drift
factual_qa,1,paraphrase,0.09201631449171246,0.11524723751562711
math_reasoning,1,paraphrase,0.007311187291809279,0.04938442854157469
code_generation,1,paraphrase,0.05097009671184828,0.0786357053288719
open_ended_writing,1,paraphrase,0.005799283114884823,0.06332473340433717
