task,rank,perturbation,noise_corrected_drift,raw_perturbation_drift
factual_qa,1,paraphrase,0.04649378878928875,0.08128144153994542
math_reasoning,1,paraphrase,0.005547359433284334,0.05309021663733896
code_generation,1,paraphrase,0.01947717675139808,0.050117364213615095
open_ended_writing,1,paraphrase,0.007279334545178351,0.08375271978515962
