task,perturbation,dataset,n,uncorrected_single_drift,noise_baseline,raw_perturbation_drift,noise_corrected_drift
factual_qa,surface_noise,SQuAD V2,25,0.04317671512882848,0.022159789703619356,0.05203540441821207,0.03219178987818463
math_reasoning,surface_noise,MATH,25,0.05221513524692718,0.05050300017487764,0.053771675011442775,0.005402988311865803
code_generation,surface_noise,HumanEval,25,0.06977355861839367,0.043244521854481896,0.05709350823627014,0.0175588823324477
open_ended_writing,surface_noise,Alpaca,25,0.07178044671197235,0.06590745870044762,0.06697722466326722,0.003981617251752391
