task,perturbation,dataset,n,uncorrected_single_drift,noise_baseline,raw_perturbation_drift,noise_corrected_drift
factual_qa,reordering,SQuAD V2,25,0.06099268069573642,0.0386560789763625,0.06277336370201363,0.030002649469653125
math_reasoning,reordering,MATH,25,0.06832128121102983,0.05563676631212993,0.07525274706800787,0.02207972008013039
code_generation,reordering,HumanEval,25,0.06701004914151781,0.04477039752035182,0.06174123504515849,0.024419308698118102
open_ended_writing,reordering,Alpaca,25,0.07397535886762842,0.06802800525612065,0.0712972729100107,0.00732252536412235
