task,rank,perturbation,noise_corrected_drift,raw_perturbation_drift
factual_qa,1,reordering,4.656435129546388e-06,4.677984750863414e-06
math_reasoning,1,reordering,0.0031642713332373485,0.04565822381197073
code_generation,1,reordering,0.04650916661843395,0.06376098237502609
open_ended_writing,1,reordering,0.006571399095061356,0.09158946209369855
