task,perturbation,dataset,n,uncorrected_single_drift,noise_baseline,raw_perturbation_drift,noise_corrected_drift
factual_qa,surface_noise,SQuAD V2,25,0.030930769580456846,0.01240849370390285,0.02423940415556523,0.013821485217123914
math_reasoning,surface_noise,MATH,25,0.05168696054991022,0.05368839464687262,0.053037710490440676,0.007386430659079875
code_generation,surface_noise,HumanEval,25,0.04368139946428378,0.024257490321027038,0.04120328018588675,0.021731496130256725
open_ended_writing,surface_noise,Alpaca,25,0.06733323565067278,0.09442104923924767,0.08797802631700262,0.008905344796289802
