task,perturbation,dataset,n,uncorrected_single_drift,noise_baseline,raw_perturbation_drift,noise_corrected_drift
factual_qa,context_injection,SQuAD V2,25,0.05061953774770939,0.025165471240170694,0.047922479108467024,0.029827772617186374
math_reasoning,context_injection,MATH,25,0.05339900425034609,0.04709843981301742,0.04774618798404815,0.005953276090208978
code_generation,context_injection,HumanEval,25,0.02859431864668696,0.03884394967989789,0.043105908596370125,0.013048850893635697
open_ended_writing,context_injection,Alpaca,25,0.08745212746131484,0.0660298274995826,0.07988332143764125,0.016835169100901826
